context_str,successful,total,ratio
OCR,39,40,97.5
artwork,355,400,88.75
celebrity,260,340,76.47058823529412
code_reasoning,36,40,90.0
color,58,60,96.66666666666667
commonsense_reasoning,120,140,85.71428571428571
count,54,60,90.0
existence,60,60,100.0
landmark,334,400,83.5
numerical_calculation,32,40,80.0
position,50,60,83.33333333333334
posters,275,294,93.5374149659864
scene,338,400,84.5
text_translation,40,40,100.0
