context_str,successful,total,ratio
OCR,38,40,95.0
artwork,359,400,89.75
celebrity,319,340,93.82352941176471
code_reasoning,37,40,92.5
color,57,60,95.0
commonsense_reasoning,130,140,92.85714285714286
count,55,60,91.66666666666666
existence,60,60,100.0
landmark,374,400,93.5
numerical_calculation,36,40,90.0
position,52,60,86.66666666666667
posters,281,294,95.578231292517
scene,344,400,86.0
text_translation,40,40,100.0
